Keyword,Volume,Difficulty,Intent,SERP features,Cluster,Cluster role,Opportunity score,Strategic fit,Priority,Notes,Source URL
AI automation for service businesses,Unavailable,Unavailable,Commercial,Not recorded,Core service,Primary,5,5,Primary page target,Best match for the page audience and offer.,https://letsautomate.co/services
AI automation services,Unavailable,Unavailable,Commercial,Not recorded,Core service,Secondary,5,5,High,Broad category phrase for title support and service copy.,https://ai4smb.com.au/services
AI workflow automation,Unavailable,Unavailable,Commercial,Not recorded,Core service,Secondary,5,5,High,Matches the mapped workflow method and service mechanism.,https://acxiomflow.com/
workflow automation services,Unavailable,Unavailable,Commercial,Not recorded,Core service,Secondary,4,5,High,Use naturally in service and FAQ copy.,https://www.workflowautomationconsulting.com/
AI automation consulting,Unavailable,Unavailable,Commercial,Not recorded,Core service,Secondary,4,4,Medium,Relevant to buyers seeking advice and implementation.,https://www.blackswanailabs.com/
business process automation,Unavailable,Unavailable,Commercial,Not recorded,Core service,Secondary,4,4,Medium,Supports process-first language without changing the offer.,https://www.workflowautomationconsulting.com/
custom AI automation,Unavailable,Unavailable,Commercial,Not recorded,Core service,Secondary,4,4,Medium,Describes tailored workflows but should not dominate the page.,https://rightlink.io/
AI automation for small business,Unavailable,Unavailable,Commercial,Not recorded,Audience,Secondary,5,4,High,Strong adjacent intent. Keep the page positioned for service businesses rather than all SMEs.,https://happyrobot.com.au/
AI automation agency,Unavailable,Unavailable,Commercial,Not recorded,Audience,Secondary,4,3,Medium,"Useful category synonym, but agency language is less specific than the service-business promise.",https://ai4smb.com.au/services
AI agents for business,Unavailable,Unavailable,Commercial,Not recorded,Audience,Long-tail,3,3,Deferred,Broader agent intent can attract tool seekers rather than service buyers.,https://rightlink.io/
automate repetitive tasks,Unavailable,Unavailable,Informational,Not recorded,Business outcomes,Secondary,4,5,High,Use in body copy to describe the problem and outcome.,https://happyrobot.com.au/
AI sales automation,Unavailable,Unavailable,Commercial,Not recorded,Business outcomes,Secondary,4,5,High,Supports the revenue-generation path and sales handoff examples.,https://advartus.com/services/
operations automation,Unavailable,Unavailable,Commercial,Not recorded,Business outcomes,Secondary,3,5,Medium,Supports cost-saving and operational workflow sections.,https://letsautomate.co/services
lead follow-up automation,Unavailable,Unavailable,Commercial,Not recorded,Business outcomes,Long-tail,4,5,High,Directly aligned with a visible use case.,https://advartus.com/services/
automated business reporting,Unavailable,Unavailable,Commercial,Not recorded,Business outcomes,Long-tail,3,5,Medium,Aligned with the monthly sales reporting example.,https://rightlink.io/
human-in-the-loop AI,Unavailable,Unavailable,Informational,Not recorded,Human control,Secondary,3,5,Medium,Supports the control and approval differentiator.,https://acxiomflow.com/blog/ai-workflow-automation-process-guide
AI automation with human approval,Unavailable,Unavailable,Commercial,Not recorded,Human control,Long-tail,3,5,Medium,Use in FAQ and control copy without keyword repetition.,https://rightlink.io/
AI process automation,Unavailable,Unavailable,Commercial,Not recorded,Human control,Secondary,4,4,Medium,Useful semantic phrase for schema and supporting copy.,https://www.hso.com/artificial-intelligence/automation/
